,City,Lat,Lng,Max Temp,Humidity,Cloudiness,Wind Speed,Country,Date
0,kodiak,57.79,-152.41,39.2,93,90,20.8,US,1609272684
1,te anau,-45.42,167.72,52.88,82,100,1.59,NZ,1609272685
2,hobart,-42.88,147.33,53.01,87,40,11.41,AU,1609272469
3,victoria,22.29,114.16,64,67,0,1.01,HK,1609272577
4,mataura,-46.19,168.86,59,85,100,7,NZ,1609272689
5,zyryanovsk,49.74,84.27,-9.69,72,100,0.98,KZ,1609272690
6,oranjestad,12.52,-70.03,86,55,20,12.75,AW,1609272692
7,lipin bor,60.26,37.98,9.57,94,100,12.55,RU,1609272693
8,mount gambier,-37.83,140.77,57.2,87,90,6.93,AU,1609272694
9,saskylakh,71.92,114.08,-22.63,86,98,13.4,RU,1609272695
10,leningradskiy,69.38,178.42,-7.98,88,100,1.57,RU,1609272696
11,oxford,51.75,-1.26,37.4,100,40,9.17,GB,1609272634
12,utete,-7.99,38.76,73.92,96,100,3.24,TZ,1609272699
13,lebu,-37.62,-73.65,61.95,66,0,8.63,CL,1609272700
14,mahebourg,-20.41,57.7,77,78,40,12.75,MU,1609272701
15,taltal,-25.4,-70.48,70.7,60,30,8.79,CL,1609272620
16,hilo,19.73,-155.09,73.99,88,90,6.93,US,1609272540
17,auki,-8.77,160.7,79.63,81,98,3.76,SB,1609272734
18,tuktoyaktuk,69.45,-133.04,-4,83,90,11.41,CA,1609272747
19,mayo,38.89,-76.51,41,35,1,10.29,US,1609272750
20,rikitea,-23.12,-134.97,77.77,78,100,12.24,PF,1609272618
21,gat,31.61,34.76,57.99,70,0,2.66,IL,1609272777
22,semarang,-6.99,110.42,75.56,91,100,1.92,ID,1609272539
23,vaini,-21.2,-175.2,73.4,100,90,6.93,TO,1609272780
24,saint george,37.1,-113.58,46.99,56,1,8.05,US,1609272434
25,alice springs,-23.7,133.88,66.2,42,10,5.82,AU,1609272783
26,bluff,-46.6,168.33,59,85,100,7,NZ,1609272785
27,chuy,-33.7,-53.46,79.3,58,0,12.1,UY,1609272786
28,kaya,13.09,-1.08,73.78,18,22,8.7,BF,1609272787
29,souillac,-20.52,57.52,77,78,40,12.75,MU,1609272789
30,cuiluan,47.72,128.65,-13.47,86,99,5.26,CN,1609272790
31,punta arenas,-53.15,-70.92,59,33,0,19.46,CL,1609272792
32,lujan,-34.57,-59.1,95,41,45,3.13,AR,1609272793
33,iqaluit,63.75,-68.51,3.2,59,75,18.34,CA,1609272794
34,ushuaia,-54.8,-68.3,55.4,43,40,3.36,AR,1609272691
35,mar del plata,-38,-57.56,77,73,20,17.22,AR,1609272797
36,wahiawa,21.5,-158.02,78.8,78,1,4.7,US,1609272798
37,barrow,71.29,-156.79,-7.6,76,75,11.41,US,1609272602
38,ribeira grande,38.52,-28.7,55.4,71,40,11.41,PT,1609272801
39,port elizabeth,-33.92,25.57,68,82,32,10.29,ZA,1609272802
40,cape town,-33.93,18.42,68,72,0,10.29,ZA,1609272574
41,qaanaaq,77.48,-69.36,9.63,88,56,4.09,GL,1609272804
42,saldanha,-33.01,17.94,66.2,68,0,4.7,ZA,1609272806
43,gravelbourg,49.88,-106.55,15.8,78,0,19.46,CA,1609272807
44,padang,-0.95,100.35,78.44,77,98,6.2,ID,1609272808
45,yellowknife,62.46,-114.35,-4,76,90,2.24,CA,1609272605
46,tiksi,71.69,128.87,-1.41,92,100,6.85,RU,1609272810
47,guerrero negro,27.98,-114.06,63.23,48,0,16.75,MX,1609272812
48,pacific grove,36.62,-121.92,55.99,66,1,5.82,US,1609272813
49,puerto del rosario,28.5,-13.86,64.4,68,40,8.05,ES,1609272814
50,port alfred,-33.59,26.89,70,90,100,3,ZA,1609272815
51,muncar,-8.43,114.33,77.18,87,95,5.12,ID,1609272669
52,ponta do sol,32.67,-17.1,59,77,75,8.05,PT,1609272818
53,castro,-24.79,-50.01,72.64,87,96,6.89,BR,1609272704
54,skibbereen,51.55,-9.27,35.6,80,0,13.87,IE,1609272820
55,laguna,38.42,-121.42,55.99,43,1,6.93,US,1609272821
56,yumen,40.28,97.2,3,81,0,18.75,CN,1609272822
57,pachino,36.72,15.09,53.6,87,3,3.36,IT,1609272824
58,nikolskoye,59.7,30.79,28.4,86,90,17.9,RU,1609272825
59,san pedro,14.35,121.02,77,94,20,3.36,PH,1609272826
60,yerbogachen,61.28,108.01,-25.1,83,0,6.64,RU,1609272827
61,bassano,50.78,-112.47,17.6,78,0,4.7,CA,1609272828
62,carnarvon,-24.87,113.63,77,94,90,9.17,AU,1609272830
63,saint-pierre,-21.34,55.48,77,69,0,21.92,RE,1609272831
64,rossland,49.08,-117.8,19.99,96,100,8.01,CA,1609272832
65,airai,-8.93,125.41,61.54,100,99,1.39,TL,1609272834
66,kapaa,22.08,-159.32,75.99,83,75,4.7,US,1609272835
67,dikson,73.51,80.55,-23.46,82,0,5.86,RU,1609272836
68,chateauroux,46.82,1.7,39.2,93,63,13.87,FR,1609272838
69,yabelo,4.88,38.08,65.08,56,0,16.28,ET,1609272840
70,puerto ayora,-0.74,-90.35,82.4,61,40,19.46,EC,1609272841
71,arraial do cabo,-22.97,-42.03,77,78,75,13.87,BR,1609272843
72,natal,-5.79,-35.21,86,62,20,19.46,BR,1609272796
73,khatanga,71.97,102.5,-31.59,84,95,9.13,RU,1609272845
74,atuona,-9.8,-139.03,78.75,74,0,16.15,PF,1609272846
75,bima,-8.47,118.72,76.1,85,97,2.21,ID,1609272848
76,cidreira,-30.18,-50.21,77.59,79,15,13.18,BR,1609272849
77,sabang,5.89,95.32,81.66,77,100,12.28,ID,1609272850
78,east london,-33.02,27.91,74.21,85,100,15.05,ZA,1609272852
79,adrar,20.5,-10.07,73.81,34,97,2.95,MR,1609272853
80,busselton,-33.65,115.33,66.99,67,65,1.01,AU,1609272854
81,berlevag,70.86,29.09,32,95,75,18.34,NO,1609272856
82,bathsheba,13.22,-59.52,80.6,78,75,6.93,BB,1609272857
83,albany,42.6,-73.97,30.99,42,100,4,US,1609272391
84,cassilandia,-19.11,-51.73,89.53,45,65,3.69,BR,1609272870
85,marsh harbour,26.54,-77.06,72.3,66,33,21.23,BS,1609272872
86,nadadores,27.05,-101.6,79,38,8,3,MX,1609272873
87,mount isa,-20.73,139.5,75.2,83,40,4.7,AU,1609272811
88,coquimbo,-29.95,-71.34,68,64,20,16.11,CL,1609272797
89,klaksvik,62.23,-6.59,33.8,84,100,32.21,FO,1609272878
90,chumikan,54.72,135.31,-21.51,80,100,21.09,RU,1609272885
91,butaritari,3.07,172.79,81.66,79,100,20,KI,1609272888
92,norman wells,65.28,-126.83,-11.2,83,75,2.24,CA,1609272892
93,new norfolk,-42.78,147.06,52,74,94,2.35,AU,1609272623
94,upernavik,72.79,-56.15,15.82,85,29,11.72,GL,1609272624
95,xuddur,4.12,43.89,80.15,58,4,16.35,SO,1609272895
96,ulladulla,-35.35,150.47,62.6,93,90,6.93,AU,1609272898
97,thompson,55.74,-97.86,14,85,75,9.17,CA,1609272899
98,zhigansk,66.77,123.37,-3.55,90,91,21.85,RU,1609272900
99,jamestown,42.1,-79.24,27,73,90,9.17,US,1609272695
100,faya,18.39,42.45,59,71,0,1.66,SA,1609272903
101,surt,31.21,16.59,61.27,37,0,8.72,LY,1609272904
102,seoul,37.57,126.98,17.6,56,40,5.82,KR,1609272704
103,cabo san lucas,22.89,-109.91,75,60,5,14.99,MX,1609272739
104,kangalassy,62.35,129.96,-52.6,55,90,0.54,RU,1609272908
105,teya,60.38,92.63,-22.22,80,74,3.15,RU,1609272909
106,shediac,46.22,-64.54,32,89,75,21.92,CA,1609272910
107,ushtobe,45.25,77.98,7.75,96,92,3.13,KZ,1609272912
108,sun valley,39.6,-119.78,37.99,37,1,1.83,US,1609272795
109,okhotsk,59.38,143.3,-13.65,80,100,13.42,RU,1609272619
110,nanortalik,60.14,-45.24,25.39,90,100,8.1,GL,1609272915
111,port hawkesbury,45.62,-61.35,37,93,90,18.34,CA,1609272916
112,lafia,8.48,8.52,80.82,26,61,0.76,NG,1609272918
113,grindavik,63.84,-22.43,33.8,80,75,3.36,IS,1609272919
114,jiangyin,31.93,120.31,24.01,95,0,3,CN,1609272920
115,solnechnyy,50.72,136.63,-18.51,83,100,2.95,RU,1609272921
116,avarua,-21.21,-159.78,84.2,79,4,2.24,CK,1609272922
117,pontianak,-0.03,109.33,76.21,92,100,4.03,ID,1609272924
118,clyde river,70.47,-68.59,3.2,84,90,13.87,CA,1609272925
119,ambon,-3.7,128.18,81.16,76,78,4.63,ID,1609272926
120,ilulissat,69.22,-51.1,19.4,62,40,23.04,GL,1609272927
121,general roca,-39.03,-67.58,95,14,0,23.04,AR,1609272928
122,epe,6.58,3.98,79.03,82,20,6.64,NG,1609272904
123,georgetown,5.41,100.34,80.01,88,20,4.7,MY,1609272931
124,havoysund,71,24.66,33.8,74,0,29.97,NO,1609272932
125,roebourne,-20.78,117.13,83.86,68,0,10,AU,1609272933
126,palu,-0.89,119.87,76.1,75,100,2.42,ID,1609272935
127,korla,41.76,86.15,16.7,89,16,5.39,CN,1609272936
128,fortuna,40.6,-124.16,52,87,1,10.29,US,1609272937
129,varna,43.22,27.92,53.6,81,0,8.05,BG,1609272827
130,cockburn town,21.46,-71.14,76.64,75,5,18.95,TC,1609272932
131,comodoro rivadavia,-45.87,-67.5,71.6,64,40,12.75,AR,1609272941
132,bredasdorp,-34.53,20.04,64.4,68,0,11.41,ZA,1609272942
133,the pas,53.83,-101.25,10.4,92,90,5.82,CA,1609272943
134,kahului,20.89,-156.47,77,61,20,7.45,US,1609272944
135,chokurdakh,70.63,147.92,-37.34,83,81,6.13,RU,1609272946
136,bethel,41.37,-73.41,34,50,87,8.01,US,1609272809
137,hamilton,39.18,-84.53,37.99,47,40,5.82,US,1609272757
138,gara,46.03,19.04,41,80,0,10.29,HU,1609272949
139,port blair,11.67,92.75,78.8,85,19,8.81,IN,1609272903
140,hithadhoo,-0.6,73.08,82.33,74,71,7.29,MV,1609272952
141,saint-paul,-21.01,55.27,75.2,69,0,13.87,RE,1609272953
142,ludvika,60.15,15.19,37.4,93,100,6.93,SE,1609272954
143,mackay,-21.15,149.2,73.4,94,90,10.29,AU,1609272955
144,tessalit,20.2,1.01,68.88,24,51,5.03,ML,1609272957
145,viransehir,37.24,39.76,45.97,52,0,5.19,TR,1609272958
146,nelson bay,-32.72,152.15,66,100,75,5.82,AU,1609272959
147,dongobesh,-4.07,35.38,59.68,86,100,5.77,TZ,1609272960
148,deputatskiy,69.3,139.9,-28.91,87,31,2.82,RU,1609272961
149,los llanos de aridane,28.66,-17.92,64.4,82,75,5.82,ES,1609272963
150,morondava,-20.28,44.28,79.12,90,100,12.46,MG,1609272964
151,yamada,39.47,141.95,35.33,91,100,13.91,JP,1609272965
152,kamaishi,39.27,141.88,38.48,87,100,12.39,JP,1609272859
153,peniche,39.36,-9.38,51.01,77,0,8.01,PT,1609272968
154,hovd,48.01,91.64,-11.78,85,11,1.7,MN,1609272969
155,yelan,50.95,43.74,11.86,95,0,11.65,RU,1609272970
156,rairangpur,22.27,86.18,58.01,53,0,1.03,IN,1609272971
157,torbay,47.67,-52.73,35.01,88,90,12.75,CA,1609272972
158,glace bay,46.2,-59.96,43,95,100,5.01,CA,1609272974
159,aykhal,66,111.5,-16.6,68,90,8.95,RU,1609272975
160,talas,38.69,35.55,32,74,0,4.7,TR,1609272976
161,faanui,-16.48,-151.75,80.58,78,90,14.5,PF,1609272977
162,yuxia,34.06,108.63,27,66,0,6.71,CN,1609272979
163,winchester,51.07,-1.32,39,93,96,11.41,GB,1609272816
164,lastoursville,-0.81,12.73,73.99,90,100,2.82,GA,1609272981
165,palm coast,29.59,-81.21,69.8,60,75,11.41,US,1609272982
166,miraflores,19.22,-98.81,72,19,5,4.7,MX,1609272983
167,modasa,23.47,73.3,54.64,38,0,10.92,IN,1609272966
168,hermanus,-34.42,19.23,64,79,2,1.01,ZA,1609272776
169,zhaodong,46.08,125.98,-14.8,75,0,4.47,CN,1609272987
170,paamiut,61.99,-49.67,30.13,93,100,26.49,GL,1609272988
171,rengali,21.63,84.05,60.78,56,0,4.7,IN,1609272989
172,kavieng,-2.57,150.8,83.73,66,94,5.77,PG,1609272991
173,bengkulu,-3.8,102.27,76.12,80,100,4.03,ID,1609272733
174,shakawe,-18.37,21.85,75.79,68,73,4.76,BW,1609272993
175,vila,42.03,-8.16,37,90,56,3.69,PT,1609272994
176,maniitsoq,65.42,-52.9,25.56,94,100,25.14,GL,1609272995
177,nenjiang,49.18,125.22,-13.41,82,42,5.61,CN,1609272996
178,alexandria,31.22,29.96,59,82,0,3.36,EG,1609272998
179,ancud,-41.87,-73.82,53.6,71,75,19.46,CL,1609272999
180,barcelos,41.54,-8.62,43,87,20,4.7,PT,1609272791
181,cayenne,4.93,-52.33,82.4,78,24,8.05,GF,1609273002
182,santa rosa,14.31,121.11,77,94,20,3.36,PH,1609273003
183,beringovskiy,63.05,179.32,29.44,98,100,8.3,RU,1609273004
184,tuatapere,-46.13,167.68,59,85,100,7,NZ,1609273005
185,batesville,35.77,-91.64,36,93,90,6.93,US,1609273006
186,richards bay,-28.78,32.04,79.7,70,0,13.51,ZA,1609272875
187,coihaique,-45.58,-72.07,59,62,75,8.05,CL,1609272850
188,narsaq,60.92,-46.05,23,49,75,3.36,GL,1609273010
189,tasiilaq,65.61,-37.64,21.2,100,90,4.99,GL,1609273011
190,constitucion,-35.33,-72.42,65.3,73,13,14.54,CL,1609273012
191,betania,5.75,-75.98,70,76,82,4.21,CO,1609273014
192,bambous virieux,-20.34,57.76,77,78,40,12.75,MU,1609273015
193,petrozavodsk,61.78,34.35,19.4,85,100,11.18,RU,1609273016
194,galesburg,40.95,-90.37,26.01,92,90,9.17,US,1609272721
195,rapar,23.57,70.63,62.04,33,0,12.82,IN,1609273018
196,mendi,-6.18,143.65,55.2,99,100,1.99,PG,1609273020
197,rockland,41.17,-74.05,37,47,68,1.01,US,1609272842
198,naze,28.37,129.48,69.8,88,75,17.22,JP,1609273022
199,tabligbo,6.58,1.5,84.2,79,20,6.93,TG,1609273023
200,marzuq,14.4,46.47,61.23,35,0,0.65,YE,1609273024
201,leshukonskoye,64.9,45.76,3.79,93,87,4.97,RU,1609273026
202,cabatuan,10.88,122.49,74.89,89,13,6.89,PH,1609273027
203,longyearbyen,78.22,15.64,33.8,69,75,4.7,SJ,1609273028
204,malokakhovka,46.78,33.45,50.95,74,100,13.44,UA,1609273029
205,flinders,-34.58,150.86,64.99,93,100,1.01,AU,1609273031
206,lufilufi,-13.87,-171.6,86,79,40,6.93,WS,1609273032
207,vangaindrano,-23.35,47.6,75.9,92,68,7.54,MG,1609273033
208,muli,2.92,73.57,82.35,74,46,8.3,MV,1609273034
209,tual,-5.67,132.75,84.29,75,100,10.29,ID,1609273036
210,horten,59.42,10.49,37.4,93,100,12.75,NO,1609273037
211,provideniya,64.38,-173.3,26.6,79,75,13.42,RU,1609273038
212,roma,43.21,-75.46,27,53,75,17.22,US,1609272823
213,calabozo,8.92,-67.43,93.52,35,81,3.96,VE,1609272777
214,nemuro,43.32,145.57,21.7,96,100,9.84,JP,1609272793
215,codrington,-38.27,141.97,54.93,92,100,3.29,AU,1609273043
216,daru,-9.08,143.21,76.89,86,100,7.43,PG,1609273044
217,kruisfontein,-34,24.73,69.01,79,100,1.99,ZA,1609273046
218,galesong,-5.32,119.37,73.4,100,90,2.24,ID,1609273047
219,surskoye,54.48,46.72,-0.67,92,7,4.9,RU,1609273048
220,praia da vitoria,38.73,-27.07,55.4,76,40,16.22,PT,1609273049
221,umtata,-31.59,28.78,77,61,100,5.82,ZA,1609273050
222,santa fe,-31.63,-60.7,100,28,0,3,AR,1609272961
223,bastia,42.67,9.33,53.01,81,0,5.82,FR,1609273053
224,weinan,34.5,109.51,27,66,0,6.71,CN,1609273054
225,vardo,70.37,31.11,32,93,75,32.21,NO,1609273055
226,huntsville,34.73,-86.59,59,30,1,3.36,US,1609272820
227,inyonga,-6.72,32.07,66.9,89,100,1.5,TZ,1609273057
228,loandjili,-4.76,11.86,78.8,94,20,4.7,CG,1609273059
229,sucre,-19.03,-65.26,57.2,76,40,8.57,BO,1609273060
230,sobolevo,54.43,31.9,34.97,97,100,14.7,RU,1609273061
231,waipawa,-41.41,175.52,60.01,82,97,5.82,NZ,1609273062
232,vila franca do campo,37.72,-25.43,53.6,76,20,10.29,PT,1609273063
233,verkhoyansk,67.54,133.38,-26.34,83,93,2.42,RU,1609273065
234,san lawrenz,36.06,14.2,60.01,82,20,13.87,MT,1609273066
235,surab,28.49,66.26,31.66,61,0,3.91,PK,1609273067
236,toda raisingh,26.03,75.48,43.88,59,0,6.22,IN,1609273069
237,tecoanapa,16.52,-98.75,83.21,58,0,11.21,MX,1609273070
238,bandundu,-3.32,17.37,74.57,91,100,3.51,CD,1609273071
239,labuhan,-6.88,112.21,75.18,88,100,5.57,ID,1609273072
240,linqiong,30.42,103.46,44.01,86,0,4.32,CN,1609273073
241,mankono,8.06,-6.19,78.8,18,86,3.6,CI,1609273075
242,lazaro cardenas,17.96,-102.2,79.99,61,0,6.67,MX,1609273076
243,esperance,-33.87,121.9,59,82,32,10.29,AU,1609273077
244,beloha,-25.17,45.05,79.66,72,40,7.67,MG,1609273078
245,talaya,61.38,152.75,-24.99,83,100,9.75,RU,1609273080
246,porto novo,6.5,2.6,84.2,70,0,8.05,BJ,1609273081
247,qaqortoq,60.72,-46.03,23,49,75,3.36,GL,1609273082
248,batemans bay,-35.72,150.18,62.01,92,85,2.19,AU,1609273083
249,rio de janeiro,-22.9,-43.21,87.01,78,75,11.41,BR,1609273015
250,maraa,-1.83,-65.37,73.72,95,100,1.57,BR,1609273086
251,tulum,20.22,-87.47,78.8,61,40,12.75,MX,1609273087
252,ondjiva,-17.07,15.73,72.55,69,100,4.7,AO,1609273088
253,myitkyina,25.38,97.4,52.43,63,25,2.86,MM,1609273033
254,hirara,24.8,125.28,67.89,81,100,41.72,JP,1609273091
255,luanda,-8.84,13.23,78.8,83,40,9.17,AO,1609273092
256,sinnamary,5.38,-52.95,81.25,77,76,9.73,GF,1609273093
257,angoche,-16.23,39.91,78.33,88,100,9.89,MZ,1609273094
258,mujiayingzi,42.12,118.78,-17.18,78,0,11.03,CN,1609273095
259,russell,32.35,-85.2,66.2,52,40,7.02,US,1609272910
260,newport,51.59,-3,39.99,92,44,1.99,GB,1609273098
261,pisco,-13.7,-76.22,77,69,0,23.04,PE,1609273099
262,katsuura,35.13,140.3,61,63,75,21.92,JP,1609273047
263,paramonga,-10.67,-77.83,74.07,74,50,11.05,PE,1609273101
264,saint-philippe,-21.36,55.77,77,69,0,21.92,RE,1609273103
265,kaitangata,-46.28,169.85,62.01,74,100,8.01,NZ,1609273104
266,asyut,27.18,31.18,59,67,0,13.87,EG,1609272939
267,springfield,37.22,-93.3,37.4,86,90,18.34,US,1609273063
268,teahupoo,-17.83,-149.27,86,66,20,4.7,PF,1609273107
269,cristinapolis,-11.48,-37.76,79.97,56,21,10.63,BR,1609273109
270,port lincoln,-34.73,135.87,59.9,84,100,9.84,AU,1609273110
271,sao filipe,14.9,-24.5,74.43,83,100,7.87,CV,1609273111
272,harper,4.38,-7.72,79.56,83,7,6.89,LR,1609273112
273,lavrentiya,65.58,-171,19.54,95,96,11.97,RU,1609273114
274,severo-kurilsk,50.68,156.12,21.9,94,92,24.05,RU,1609273115
275,simbahan,6.3,120.58,82.36,78,99,7.43,PH,1609273116
276,hasaki,35.73,140.83,39.2,93,75,2.24,JP,1609273117
277,tabou,4.42,-7.35,79.61,83,12,7.43,CI,1609273118
278,cherskiy,68.75,161.3,-35.09,82,86,3.85,RU,1609273120
279,ambanja,-13.68,48.45,75.7,90,100,3.31,MG,1609273121
280,nioki,-2.72,17.68,73.87,89,100,1.63,CD,1609273122
281,gurupi,-11.73,-49.07,85.6,61,85,4.61,BR,1609273123
282,necochea,-38.55,-58.74,81.21,54,23,13.15,AR,1609273124
283,kihei,20.79,-156.47,78.01,61,20,0.6,US,1609273126
284,anton lizardo,19.05,-95.98,82.4,37,20,8.05,MX,1609273127
285,kristiansund,63.11,7.73,39.2,69,0,14.99,NO,1609273128
286,slave lake,55.28,-114.77,10.4,78,1,0.49,CA,1609273129
287,villanueva de cordoba,38.32,-4.63,41,86,0,5.82,ES,1609273130
288,ixtapa,20.7,-105.2,77,53,5,6.93,MX,1609273132
289,isangel,-19.55,169.27,80.31,80,64,17.98,VU,1609273133
290,kaeo,-35.1,173.78,66.99,63,5,5.99,NZ,1609273134
291,hami,42.8,93.45,14.7,62,0,7.47,CN,1609273135
292,caceres,39.52,-6.37,39.99,74,0,3,ES,1609273136
293,bilma,18.69,12.92,63.28,26,0,5.23,NE,1609273138
294,salinas,36.68,-121.66,57.2,50,1,4.7,US,1609273139
295,zhangye,38.93,100.45,5.31,86,0,1.97,CN,1609272916
296,tautira,-17.73,-149.15,86,66,20,4.7,PF,1609273141
297,werda,-25.27,23.28,85.06,38,19,2.19,BW,1609273142
298,kemin,42.78,75.69,22.41,74,13,3.13,KG,1609273144
299,penzance,50.12,-5.54,44.01,93,3,12.75,GB,1609273113
300,sabha,27.04,14.43,57.88,34,19,9.62,LY,1609272881
301,da nang,16.07,108.22,71.6,88,40,4.85,VN,1609273147
302,pangnirtung,66.15,-65.71,12.2,85,90,18.34,CA,1609273149
303,iracoubo,5.48,-53.2,80.96,78,85,10.11,GF,1609273150
304,san cristobal,7.77,-72.22,82.4,61,40,9.17,VE,1609273151
305,rafai,4.95,23.92,77.14,36,78,0.76,CF,1609273152
306,changji,44.02,87.32,-2.2,84,40,2.48,CN,1609273154
307,mandalgovi,45.76,106.27,-12.14,80,0,17.76,MN,1609273155
308,mantua,45.17,10.78,37.4,100,75,2.24,IT,1609273156
309,koutselion,39.59,20.91,48.2,93,96,4.7,GR,1609273157
310,pozo colorado,-23.49,-58.8,99.12,35,98,1.66,PY,1609273158
311,avera,33.19,-82.53,64.4,42,1,5.82,US,1609273160
312,tilichiki,60.47,166.1,1.89,94,100,12.12,RU,1609273161
313,vila velha,-20.33,-40.29,84.2,66,20,13.87,BR,1609272983
314,meru,0.05,37.66,60.04,83,97,3.09,KE,1609273163
315,mago,53.25,140.18,-29.04,83,0,2.17,RU,1609273164
316,madang,-5.22,145.8,75.76,88,84,5.93,PG,1609273166
317,saint-augustin,51.23,-58.65,33.06,97,100,17.07,CA,1609273167
318,klyuchevskiy,53.53,119.45,-14.76,86,100,2.28,RU,1609273168
319,boras,57.72,12.94,39,93,75,3.36,SE,1609273169
320,pau brasil,-15.46,-39.65,80.58,57,51,6.96,BR,1609273170
321,viru,-8.42,-78.75,71.6,78,20,12.75,PE,1609273172
322,sorland,67.67,12.69,42.8,73,40,11.41,NO,1609273173
323,puerto colombia,10.99,-74.95,89.6,59,20,14.99,CO,1609273174
324,marsa matruh,31.35,27.25,62.6,67,40,6.93,EG,1609273175
325,sol-iletsk,51.16,54.99,-1.39,93,0,3.09,RU,1609273177
326,broken hill,-31.95,141.43,57.2,47,13,6.93,AU,1609273178
327,half moon bay,37.46,-122.43,57.99,50,1,3.36,US,1609273179
328,acajutla,13.59,-89.83,80.01,50,83,5.01,SV,1609273180
329,bubaque,11.28,-15.83,80.91,70,12,11.14,GW,1609273181
330,pangkalanbuun,-2.68,111.62,74.14,95,54,3.42,ID,1609273183
331,dandong,40.13,124.39,0.81,67,0,17.45,CN,1609273184
332,lata,40.16,-8.33,46.4,81,40,4.7,PT,1609273185
333,lompoc,34.64,-120.46,59,76,1,13.24,US,1609273179
334,stepnogorsk,52.35,71.89,1.49,94,83,10.45,KZ,1609273188
335,lagoa,39.05,-27.98,56.73,73,100,18.9,PT,1609273189
336,guadalajara,20.67,-103.33,78.01,19,5,3.36,MX,1609273166
337,katherine,-14.47,132.27,73.4,94,90,1.12,AU,1609273191
338,sisimiut,66.94,-53.67,21.47,88,100,19.08,GL,1609273192
339,ranot,7.78,100.32,78.69,78,100,3.89,TH,1609273194
340,duayaw nkwanta,7.17,-2.1,74.37,28,16,0.83,GH,1609273195
341,srednekolymsk,67.45,153.68,-38.25,81,74,3.44,RU,1609273196
342,napasar,27.97,73.55,46.89,51,67,5.84,IN,1609273197
343,pevek,69.7,170.31,-12.06,88,100,4.68,RU,1609273198
344,chifeng,42.27,118.96,-14.35,78,0,13.2,CN,1609273200
345,wajir,1.75,40.06,89.92,35,99,7.58,KE,1609273201
346,canillo,42.58,1.67,33.01,63,90,1.07,AD,1609273202
347,tazovskiy,67.47,78.7,-15.16,86,98,14.38,RU,1609273203
348,pictou,45.68,-62.72,35.6,64,29,27.51,CA,1609273205
349,naron,43.52,-8.15,48,93,83,1.01,ES,1609273206
350,canutama,-6.53,-64.38,81.57,80,63,3.29,BR,1609273207
351,waycross,31.21,-82.35,68,50,1,8.05,US,1609273149
352,shingu,33.73,135.98,60.57,92,100,19.01,JP,1609273210
353,sao jose da coroa grande,-8.9,-35.15,78.85,68,65,9.31,BR,1609273211
354,hobyo,5.35,48.53,79.09,80,36,23.47,SO,1609273212
355,madruga,22.91,-81.86,78.01,53,40,16.11,CU,1609273213
356,geraldton,-28.77,114.6,71.6,83,90,11.41,AU,1609273215
357,wasilla,61.58,-149.44,30.99,92,1,4.27,US,1609273096
358,mehamn,71.04,27.85,35.6,80,0,20.8,NO,1609273217
359,margate,51.38,1.39,39,82,99,1.99,GB,1609273218
360,gimli,50.63,-96.99,17.6,78,94,14.99,CA,1609272949
361,asfi,32.3,-9.24,59.68,69,79,12.57,MA,1609273221
362,chipinge,-20.19,32.62,66.83,92,100,3.76,ZW,1609273222
363,ibirapitanga,-14.16,-39.37,81.1,53,0,6.4,BR,1609273223
364,saint anthony,45.02,-93.22,21.99,73,75,10.29,US,1609273224
365,camacha,33.08,-16.33,59,67,40,5.82,PT,1609273226
366,san patricio,28.02,-97.52,77,78,1,19.46,US,1609273227
367,alta floresta,-9.88,-56.09,73.18,97,100,5.53,BR,1609273228
368,sola,-13.88,167.55,82.27,74,87,7.99,VU,1609273229
369,trebinje,42.71,18.34,57.2,76,75,24.16,BA,1609273022
370,tema,5.67,-0.02,82.4,83,0,10.29,GH,1609273232
371,okakarara,-20.58,17.43,74.62,64,98,6.98,NA,1609273233
372,indramayu,-6.33,108.32,77.61,87,100,6.35,ID,1609273234
373,sechura,-5.56,-80.82,82.72,48,68,18.21,PE,1609273235
374,waldoboro,44.1,-69.38,26.6,42,1,14.99,US,1609273237
375,morant bay,17.88,-76.41,82.4,69,20,5.82,JM,1609273238
376,alpena,45.06,-83.43,26.01,53,1,8.05,US,1609273239
377,davila,18.47,120.58,77.45,85,99,21.85,PH,1609273240
378,meulaboh,4.14,96.13,75.94,89,39,4.63,ID,1609273241
379,fukue,32.69,128.84,45.82,89,100,38.34,JP,1609273243
380,saint-francois,46.42,3.91,37,93,75,5.82,FR,1609273244
381,salalah,17.02,54.09,71.6,49,0,3.36,OM,1609273245
382,condado,21.88,-79.84,78.8,50,40,14.99,CU,1609273246
383,solwezi,-12.17,26.39,63.16,97,100,3,ZM,1609273247
384,alakurtti,66.97,30.35,21.99,90,100,5.99,RU,1609273249
385,nuuk,64.18,-51.72,30.2,63,75,31.09,GL,1609273250
386,alausi,-2.2,-78.83,69.8,46,75,13.87,EC,1609273251
387,yulara,-25.24,130.99,68,24,0,5.82,AU,1609273252
388,vao,-22.67,167.48,77.83,76,100,21.23,NC,1609273254
389,manaure,11.78,-72.44,82.47,61,79,13.82,CO,1609273255
390,bukachacha,52.98,116.92,-9.4,80,100,3.65,RU,1609273256
391,wanning,18.8,110.4,69.87,86,71,10.63,CN,1609273257
392,lewisporte,49.25,-55.05,33.8,86,90,13.87,CA,1609273259
393,port-cartier,50.03,-66.87,21,73,91,17.22,CA,1609273260
394,vung tau,10.35,107.08,77.7,78,100,1.95,VN,1609273172
395,ponce,18.07,-66.62,84.99,59,98,1.57,PR,1609273262
396,bairiki,1.33,172.98,77,100,75,12.75,KI,1609273263
397,panguna,-6.32,155.48,69.33,97,100,1.9,PG,1609273265
398,chimbote,-9.09,-78.58,74.64,70,54,14.7,PE,1609273266
399,sitka,57.05,-135.33,46.4,52,90,20.8,US,1609273267
400,vytegra,61.01,36.45,16.02,93,100,16.06,RU,1609273268
401,solenzo,12.18,-4.08,76.5,17,0,6.17,BF,1609273269
402,muros,42.78,-9.06,42.01,93,11,1.99,ES,1609273271
403,raga,8.46,25.68,75.49,26,0,3.33,SS,1609273272
404,la ronge,55.1,-105.28,15.8,78,77,6.93,CA,1609273273
405,monte alegre,-2.01,-54.07,78.73,90,100,3.27,BR,1609273274
406,hambantota,6.12,81.12,75.97,84,0,7.52,LK,1609273275
407,mecca,21.43,39.83,75.76,75,20,4.36,SA,1609273083
408,guymon,36.68,-101.48,50,71,20,17.22,US,1609273278
409,kitakata,37.65,139.87,34,88,64,2.48,JP,1609273279
410,chapais,49.78,-74.85,6.8,77,90,11.41,CA,1609273060
411,caxias,38.7,-9.28,50,87,20,4.7,PT,1609272997
412,talara,-4.58,-81.27,86,51,0,21.92,PE,1609273283
413,udachnyy,66.42,112.4,-16.6,68,90,8.95,RU,1609273284
414,santo amaro,-12.55,-38.71,82.4,61,20,10.29,BR,1609273285
415,qasigiannguit,68.82,-51.19,19.4,62,40,23.04,GL,1609273287
416,ketchikan,55.34,-131.65,39.2,80,90,26.4,US,1609273288
417,sangmelima,2.93,11.98,72.82,79,100,4.76,CM,1609273289
418,rawlins,41.79,-107.24,21.2,57,1,10.58,US,1609273290
419,tucuma,-0.18,-50.05,83.98,71,99,8.55,BR,1609273292
420,makokou,0.57,12.86,72,93,100,4.29,GA,1609273293
421,westport,41.14,-73.36,36,47,40,13.87,US,1609273090
422,soyo,-6.13,12.37,79.11,84,100,6.89,AO,1609273295
423,olinda,-8.01,-34.86,78.8,69,75,10.29,BR,1609273221
424,nome,64.5,-165.41,30,86,40,13.87,US,1609273234
425,moron,-34.65,-58.62,91.99,43,75,3.36,AR,1609273054
426,christchurch,-43.53,172.63,59,76,29,17.22,NZ,1609273187
427,asau,46.43,26.4,41,61,64,4.54,RO,1609273301
428,talcahuano,-36.72,-73.12,69.8,60,20,14.99,CL,1609273302
429,tall kayf,37.08,41.07,48.11,49,0,5.19,TR,1609273304
430,fjerritslev,57.08,9.27,39.99,97,100,6.98,DK,1609273305
431,kuching,1.55,110.33,75.2,100,40,3.51,MY,1609273306
432,tucano,-10.96,-38.79,87.58,36,50,14.27,BR,1609273307
433,quchan,37.11,58.51,31.19,63,0,0.65,IR,1609273308
434,benxi,41.29,123.77,-4,44,0,6.71,CN,1609273310
435,komsomolskiy,40.43,71.72,26.6,86,0,1.95,UZ,1609273311
436,palmer,42.16,-72.33,33.01,78,75,16.11,US,1609273312
437,bacungan,9.91,118.7,78.22,83,29,1.92,PH,1609273313
438,taunggyi,20.78,97.03,47.37,67,39,1.05,MM,1609273314
439,hurricane,37.18,-113.29,48,52,29,1.01,US,1609273290
440,huangchuan,32.13,115.04,24.31,90,0,6.69,CN,1609273317
441,letlhakeng,-24.09,25.03,80.01,50,7,6.17,BW,1609273318
442,amurzet,47.7,131.1,-7.6,85,100,7.94,RU,1609273319
443,kupang,-10.17,123.58,79.88,79,91,3.85,ID,1609273320
444,panaba,21.28,-88.27,78.96,60,10,9.46,MX,1609273322
445,ulaanbaatar,47.91,106.88,-31,66,0,2.24,MN,1609273323
446,ponta delgada,37.73,-25.67,53.6,76,20,10.29,PT,1609273324
447,jalu,29.03,21.55,57.16,50,0,10.51,LY,1609273326
448,shenjiamen,29.96,122.3,36.91,81,100,35.34,CN,1609273327
449,dingle,11,122.67,75.34,91,47,5.73,PH,1609273328
450,lodhikheda,21.58,78.83,64.4,72,5,3.36,IN,1609273329
451,henties bay,-22.12,14.28,66,87,84,8.16,NA,1609273331
452,sarahan,31.52,77.8,29.16,57,0,8.43,IN,1609273332
453,wexford,52.33,-6.46,39.2,80,75,10.29,IE,1609273333
454,coahuayana,18.73,-103.68,82.81,51,0,6.4,MX,1609273334
455,santiago del estero,-27.8,-64.26,96.01,46,0,1.99,AR,1609273051
456,sembakung,3.82,117.25,75.72,95,100,2.93,ID,1609273337
457,haines junction,60.75,-137.51,23.18,94,100,0.49,CA,1609273338
458,pulsano,40.38,17.36,57.99,76,0,9.17,IT,1609273339
459,candelaria,13.93,121.42,74.64,90,100,3.38,PH,1609273340
460,matara,5.95,80.54,74.68,87,0,7.43,LK,1609273342
461,karratha,-20.74,116.85,83.03,72,2,10.02,AU,1609273343
462,superior,46.72,-92.1,14,66,1,7.67,US,1609273209
463,okha,53.57,142.95,-20.65,86,65,12.39,RU,1609273346
464,ayan,56.45,138.17,-20.09,76,21,8.72,RU,1609273348
465,ruzhyn,49.72,29.2,39.79,82,0,6.26,UA,1609273349
466,pondicherry,11.93,79.83,76.19,81,94,12.91,IN,1609273119
467,bonavista,48.65,-53.11,30.2,92,100,3.36,CA,1609273351
468,abalak,58.13,68.59,-18.35,88,100,7.72,RU,1609273352
469,namatanai,-3.67,152.43,77.11,85,96,0.69,PG,1609273354
470,nishihara,26.18,127.76,68,82,75,27.51,JP,1609273355
471,mbuguni,-3.57,36.95,71.74,73,100,7.87,TZ,1609273356
472,brigantine,39.41,-74.36,39.2,32,1,19.46,US,1609273357
473,ust-barguzin,53.45,108.98,-0.58,93,100,4.76,RU,1609273358
474,talnakh,69.49,88.4,-14.8,75,0,6.71,RU,1609273360
475,bodden town,19.28,-81.25,79,69,75,19.46,KY,1609273361
476,ishigaki,24.34,124.16,66.15,80,100,44.76,JP,1609273348
477,sao felix do xingu,-6.64,-51.99,88.11,57,45,3.87,BR,1609273363
478,beira,-19.84,34.84,86,74,75,20.8,MZ,1609273365
479,pyu,18.48,96.43,62.13,71,40,5.7,MM,1609273366
480,carutapera,-1.2,-46.02,84.13,66,7,10.33,BR,1609273367
481,tricase,39.93,18.36,59,87,75,12.75,IT,1609273368
482,pleasant grove,40.36,-111.74,34,74,1,6.93,US,1609273369
483,dalbandin,28.89,64.41,39.22,54,0,5.75,PK,1609273232
484,copiapo,-27.37,-70.33,71.6,56,20,14.99,CL,1609273344
485,sarila,25.77,79.68,48.36,51,0,6.96,IN,1609273373
486,key largo,25.09,-80.45,73,70,14,21.99,US,1609273083
487,kumluca,36.37,30.29,59.07,76,95,4.7,TR,1609273375
488,krasnoselkup,65.7,82.47,-11.4,85,100,14.79,RU,1609273377
489,aksehir,38.36,31.42,44.08,77,0,4.32,TR,1609273378
490,inuvik,68.35,-133.72,-9.4,76,100,4.12,CA,1609273379
491,oranjemund,-28.55,16.43,62.74,79,63,10.71,NA,1609273380
492,lorengau,-2.02,147.27,82.47,67,100,5.03,PG,1609273382
493,praya,14.92,-23.51,73.4,73,75,16.11,CV,1609273383
494,taoudenni,22.68,-3.98,77.27,26,41,7.9,ML,1609273384
495,atar,20.52,-13.05,73.13,31,96,3.94,MR,1609273385
496,abha,18.22,42.51,59,71,0,2.21,SA,1609273387
497,yuli,9.7,10.27,78.66,22,27,6.06,NG,1609273388
498,arkhangelsk,64.54,40.54,1.4,84,40,8.95,RU,1609273389
499,honiara,-9.43,159.95,75.2,100,75,3.6,SB,1609273390
500,mitsamiouli,-11.38,43.28,82.09,77,100,10.36,KM,1609273392
501,roald,62.58,6.13,36,100,0,3.36,NO,1609273393
502,palembang,-2.92,104.75,74.16,92,100,3.24,ID,1609273394
503,daman,20.42,72.85,67.53,40,48,12.48,IN,1609273395
504,linjiang,41.81,126.91,-3.69,76,90,3.49,CN,1609273397
505,kodinar,20.79,70.7,62.26,31,30,14.14,IN,1609273398
506,orlik,52.52,99.83,-26.3,60,0,1.99,RU,1609273399
507,barao de melgaco,-16.19,-55.97,93.2,44,40,10.29,BR,1609273400
508,kavaratti,10.57,72.64,81.03,79,0,12.17,IN,1609273402
509,tsabong,-26.02,22.4,84.18,46,44,2.06,BW,1609273403
510,abu samrah,35.3,37.18,48.2,61,0,5.91,SY,1609273404
511,salvador,13.83,-88.92,89.6,44,0,9.17,SV,1609273405
512,abu kamal,34.45,40.92,50.58,44,0,2.33,SY,1609273271
513,matagami,49.75,-77.63,12.2,72,1,9.17,CA,1609273408
514,zhezkazgan,47.8,67.71,7.65,96,98,5.44,KZ,1609273409
515,luderitz,-26.65,15.16,64.4,72,31,19.46,NA,1609273407
516,amapa,1,-52,89.87,44,62,5.53,BR,1609273412
517,cairns,-16.92,145.77,77,94,40,3.36,AU,1609273413
518,port antonio,18.18,-76.46,82.4,69,20,5.82,JM,1609273414
519,almeirim,-1.52,-52.58,88.79,54,100,2.89,BR,1609273415
520,goroka,-6.08,145.39,59.7,89,97,1.03,PG,1609273417
521,skjervoy,70.03,20.97,33.8,64,0,32.21,NO,1609273418
522,alto araguaia,-17.31,-53.22,85.91,49,19,4.83,BR,1609273419
523,san andres,12.58,-81.7,82.4,65,40,11.41,CO,1609273420
524,katima mulilo,-17.5,24.27,70.77,78,100,3.94,NA,1609273421
525,portland,45.52,-122.68,37.99,66,90,4.7,US,1609272936
526,turochak,52.26,87.12,-1.39,87,99,2.19,RU,1609273424
527,takoradi,4.88,-1.76,80.85,82,46,8.93,GH,1609273425
528,narsimhapur,22.95,79.2,53.04,58,0,3.94,IN,1609273426
529,dudinka,69.41,86.18,-14.8,75,0,6.71,RU,1609273427
530,neiafu,-18.65,-173.98,77,100,75,7.99,TO,1609273429
531,cantavir,45.92,19.76,47.07,68,20,12.68,RS,1609273430
532,coos bay,43.37,-124.22,48.99,70,1,11.41,US,1609273431
533,rio tuba,8.51,117.43,81.66,76,95,3.85,PH,1609273432
534,buritis,-15.62,-46.42,82.29,68,44,4.43,BR,1609273434
535,ust-tsilma,65.44,52.15,-19.62,86,100,2.46,RU,1609273435
536,homer,59.64,-151.55,39.99,64,1,8.59,US,1609273436
537,albufeira,37.09,-8.25,50,76,20,8.05,PT,1609273242
538,umm kaddadah,13.6,26.69,72.05,24,0,15.82,SD,1609273438
539,iraucuba,-3.75,-39.78,90.82,38,71,11.63,BR,1609273440
540,huilong,31.81,121.66,27,67,88,11.99,CN,1609273441
541,chicama,-7.84,-79.15,71.6,78,20,12.75,PE,1609273442
542,acapulco,16.86,-99.89,84.2,70,40,2.24,MX,1609273443
543,lingyuan,41.24,119.4,-14.44,75,0,6.24,CN,1609273445
544,halifax,44.65,-63.57,37.4,59,68,8.05,CA,1609273203
545,kaka,37.35,59.61,31.84,85,0,4.83,TM,1609273447
546,aklavik,68.22,-135.01,-13,75,75,2.24,CA,1609273448
547,aswan,24.09,32.91,65.62,38,0,11.68,EG,1609273355
548,vestmannaeyjar,63.44,-20.27,31.12,93,100,15.88,IS,1609273451
549,cootamundra,-34.65,148.03,64,71,20,8.01,AU,1609273452
550,ampanihy,-24.7,44.75,85.05,51,57,9.46,MG,1609273450
551,la libertad,-2.23,-80.9,78.8,74,0,10.29,EC,1609273455
552,karasjok,69.47,25.51,26.6,86,75,16.11,NO,1609273456
553,swan hill,-35.34,143.55,58.59,74,39,10.65,AU,1609273457
554,viedma,-40.81,-63,100.45,9,7,12.95,AR,1609273459
555,tutoia,-2.76,-42.27,87.8,66,20,18.34,BR,1609273460
556,sistranda,63.73,8.83,41,65,0,16.11,NO,1609273461
557,nauta,-4.51,-73.58,89.15,56,70,1.86,PE,1609273462
558,conakry,9.54,-13.68,81.88,76,0,9.78,GN,1609273463
559,san pedro de macoris,18.46,-69.3,86,62,40,9.17,DO,1609273166
560,aljezur,37.32,-8.8,46.99,38,0,1.99,PT,1609273466
561,ambulu,-8.35,113.61,75.74,89,100,2.21,ID,1609273467
562,bonfim,3.08,-59.95,89.98,48,78,2.21,BR,1609273469
563,tenenkou,14.46,-4.92,79.27,19,34,10.16,ML,1609273470
564,abbeville,50.1,1.83,39.99,75,100,4.9,FR,1609273471
565,pemangkat,1.17,108.97,77.81,87,100,8.14,ID,1609273380
566,susanville,40.42,-120.65,36,59,1,3.36,US,1609273474
567,dunedin,-45.87,170.5,59.23,73,100,2.04,NZ,1609273475
568,paltinis,48.22,26.65,41,65,0,6.93,RO,1609273476
569,benguela,-12.58,13.41,78.3,78,100,4.12,AO,1609273477
570,kamen-rybolov,44.75,132.04,-11.02,83,0,4.07,RU,1609273479
571,ambilobe,-13.2,49.05,75.97,91,100,2.8,MG,1609273480
572,quatre cocos,-20.21,57.76,77,78,40,12.75,MU,1609273481
573,kristianstad,56.03,14.15,37.99,100,100,4.7,SE,1609273340
574,fountain,38.68,-104.7,37,59,1,13.87,US,1609273282
575,aksu,41.12,80.26,15.55,91,0,2.77,CN,1609273485
576,duma,34.77,108.14,14,66,0,6.71,CN,1609273486
